start,end,intervals,duration_hours,mean_load_mw,max_load_mw,mean_renewable_coverage_pct,mean_renewable_gap_mw
2023-01-17 15:45:00+00:00,2023-01-17 16:00:00+00:00,2,0.5,66464.45000000001,67177.3,25.513224125276103,49505.25
2023-01-18 06:45:00+00:00,2023-01-18 09:45:00+00:00,13,3.25,67761.35384615384,68558.9,21.484713277791872,53190.33076923077
2023-01-19 19:00:00+00:00,2023-01-19 19:00:00+00:00,1,0.25,65665.3,65665.3,26.134655594355007,48503.90000000001
2023-01-20 06:45:00+00:00,2023-01-20 12:30:00+00:00,24,6.0,67545.15000000001,68478.7,12.669579918690522,58983.479166666664
2023-01-20 16:15:00+00:00,2023-01-20 17:45:00+00:00,7,1.75,66202.90000000001,66638.3,5.808431220399422,62358.04285714286
2023-01-23 07:15:00+00:00,2023-01-23 18:30:00+00:00,46,11.5,67352.34999999999,68901.0,11.899557316403037,59340.32173913042
2023-01-24 07:30:00+00:00,2023-01-24 14:15:00+00:00,28,7.0,67139.7392857143,68384.6,10.214541028180578,60276.4
2023-01-24 16:00:00+00:00,2023-01-24 18:15:00+00:00,10,2.5,66252.92000000001,66894.5,6.670214863554395,61833.21
2023-01-25 07:00:00+00:00,2023-01-25 18:30:00+00:00,47,11.75,67679.71914893617,69486.9,12.215842460219097,59402.853191489354
2023-01-26 06:30:00+00:00,2023-01-26 19:00:00+00:00,51,12.75,68890.12352941177,71270.8,13.017604631466792,59915.99215686274
2023-01-27 06:15:00+00:00,2023-01-27 14:15:00+00:00,33,8.25,68288.57272727274,70153.3,18.41525584592756,55705.506060606065
2023-01-27 16:00:00+00:00,2023-01-27 18:00:00+00:00,9,2.25,66620.68888888888,67198.5,12.780428694960527,58106.211111111115
2023-02-02 14:45:00+00:00,2023-02-02 17:30:00+00:00,12,3.0,66742.76666666666,68174.7,24.293952306831873,50530.58333333334
2023-02-06 07:15:00+00:00,2023-02-06 13:30:00+00:00,26,6.5,66355.76538461538,67180.1,16.74478122376051,55240.31923076923
2023-02-06 16:30:00+00:00,2023-02-06 18:30:00+00:00,9,2.25,66746.36666666667,67410.7,9.370853550079808,60492.51111111111
2023-02-07 06:45:00+00:00,2023-02-07 08:30:00+00:00,8,2.0,66297.9,66609.6,18.05528228632017,54326.962499999994
2023-02-07 16:30:00+00:00,2023-02-07 18:30:00+00:00,9,2.25,66568.63333333333,67198.9,8.46165646568151,60936.522222222215
2023-02-08 06:45:00+00:00,2023-02-08 07:45:00+00:00,5,1.25,67098.62,67787.2,21.05973459130424,52951.54
2023-02-08 16:15:00+00:00,2023-02-08 16:30:00+00:00,2,0.5,66036.65,66667.9,23.952689561879076,50214.049999999996
2023-02-09 16:00:00+00:00,2023-02-09 16:15:00+00:00,2,0.5,65978.75,66486.8,26.058138449663133,48785.8
2023-02-13 07:15:00+00:00,2023-02-13 11:00:00+00:00,16,4.0,65976.825,66727.4,18.595636315285724,53692.975
2023-02-13 17:00:00+00:00,2023-02-13 18:00:00+00:00,5,1.25,65906.18000000001,66116.9,7.21776806895883,61149.56
2023-02-14 09:30:00+00:00,2023-02-14 10:30:00+00:00,5,1.25,65674.04000000001,65837.6,23.586801898591723,50183.240000000005
2023-02-14 17:00:00+00:00,2023-02-14 18:00:00+00:00,5,1.25,65612.07999999999,65740.9,8.269027770080584,60186.4
2023-02-15 07:15:00+00:00,2023-02-15 09:15:00+00:00,9,2.25,66037.38888888889,66258.3,18.775249053668162,53633.73333333333
2023-02-15 17:00:00+00:00,2023-02-15 18:00:00+00:00,5,1.25,65744.45999999999,65959.3,17.344103832910044,54340.4
2023-02-22 17:15:00+00:00,2023-02-22 18:00:00+00:00,4,1.0,65808.77500000001,66023.3,17.34792318490492,54392.65
2023-02-23 09:45:00+00:00,2023-02-23 10:45:00+00:00,5,1.25,65798.24,66121.1,23.67934120281513,50214.3
2023-02-23 17:30:00+00:00,2023-02-23 17:30:00+00:00,1,0.25,65507.3,65507.3,20.350556350208297,52176.200000000004
2023-02-27 17:45:00+00:00,2023-02-27 18:00:00+00:00,2,0.5,65489.15,65490.8,15.552194729905473,55304.15
2023-03-01 07:30:00+00:00,2023-03-01 07:30:00+00:00,1,0.25,65425.4,65425.4,24.395876830711003,49464.3
2023-03-02 17:45:00+00:00,2023-03-02 17:45:00+00:00,1,0.25,65470.7,65470.7,14.540244720157267,55951.09999999999
2023-03-03 09:00:00+00:00,2023-03-03 09:15:00+00:00,2,0.5,65690.55,65981.5,24.50803102478837,49589.45
2023-03-06 09:00:00+00:00,2023-03-06 11:00:00+00:00,9,2.25,65946.96666666666,66420.1,22.698955088955582,50972.27777777778
2023-03-06 17:30:00+00:00,2023-03-06 17:45:00+00:00,2,0.5,66059.85,66073.1,24.463971304605067,49898.90000000001
2023-03-08 09:00:00+00:00,2023-03-08 12:00:00+00:00,13,3.25,66327.15384615386,67120.1,19.633066543735755,53308.407692307694
2023-10-24 11:15:00+00:00,2023-10-24 11:30:00+00:00,2,0.5,65737.45,66028.9,25.63970930211882,48882.799999999996
2023-10-26 06:45:00+00:00,2023-10-26 06:45:00+00:00,1,0.25,65494.0,65494.0,21.135829236265916,51651.3
2023-10-26 07:15:00+00:00,2023-10-26 11:30:00+00:00,18,4.5,66475.57222222222,67322.8,24.69817898401998,50053.833333333336
2023-10-27 07:30:00+00:00,2023-10-27 08:00:00+00:00,3,0.75,65838.16666666667,66087.8,24.254576189437202,49868.36666666666
2023-11-13 07:30:00+00:00,2023-11-13 07:45:00+00:00,2,0.5,65880.15,66076.8,24.895632302171784,49478.0
2023-11-16 12:30:00+00:00,2023-11-16 18:15:00+00:00,24,6.0,66655.46666666666,67961.3,19.340672262010173,53764.87916666667
2023-11-17 06:45:00+00:00,2023-11-17 08:00:00+00:00,6,1.5,66984.40000000001,67686.9,24.7588573618976,50396.48333333334
2023-11-17 15:45:00+00:00,2023-11-17 17:45:00+00:00,9,2.25,66425.37777777779,66905.0,17.02900559781216,55113.68888888889
2023-11-20 15:45:00+00:00,2023-11-20 18:00:00+00:00,10,2.5,66254.54000000001,66697.4,23.811727682961475,50478.74
2023-11-21 06:30:00+00:00,2023-11-21 18:30:00+00:00,49,12.25,67466.57142857143,68950.8,22.306211895137135,52411.577551020404
2023-11-22 07:15:00+00:00,2023-11-22 08:30:00+00:00,6,1.5,66570.56666666667,67256.3,22.33370309082596,51693.35
2023-11-27 06:45:00+00:00,2023-11-27 08:00:00+00:00,6,1.5,66848.50000000001,67582.0,23.57952801453159,51076.55000000001
2023-11-28 08:45:00+00:00,2023-11-28 19:15:00+00:00,43,10.75,70807.93255813952,72234.9,19.092781878007084,57284.967441860455
2023-11-29 15:00:00+00:00,2023-11-29 19:15:00+00:00,18,4.5,70352.48333333334,72242.4,22.89004438698662,54228.416666666664
2023-11-30 06:00:00+00:00,2023-11-30 19:15:00+00:00,54,13.5,69885.93148148149,71342.7,8.35318184482527,64040.73703703704
2023-12-01 06:15:00+00:00,2023-12-01 18:45:00+00:00,51,12.75,69413.12941176472,71844.8,9.604424413928928,62753.262745098036
2023-12-06 06:00:00+00:00,2023-12-06 19:00:00+00:00,53,13.25,70921.22641509434,73309.0,16.810607643890158,58994.313207547166
2023-12-07 06:00:00+00:00,2023-12-07 19:15:00+00:00,54,13.5,69155.25185185185,70607.9,13.326357126253207,59934.685185185175
2023-12-08 11:30:00+00:00,2023-12-08 18:15:00+00:00,28,7.0,68674.84285714287,71288.1,20.246806181381007,54744.982142857145
2023-12-12 06:45:00+00:00,2023-12-12 16:45:00+00:00,41,10.25,66933.3,68296.6,17.145580036099595,55446.11951219512
2023-12-13 15:30:00+00:00,2023-12-13 15:30:00+00:00,1,0.25,69009.7,69009.7,26.45903401985518,50750.399999999994
2023-12-14 06:45:00+00:00,2023-12-14 14:00:00+00:00,30,7.5,67114.03666666667,68206.4,11.357312297384757,59487.78333333335
2023-12-14 15:15:00+00:00,2023-12-14 18:00:00+00:00,12,3.0,66520.89166666668,67246.0,10.6711962462197,59423.56666666667
2023-12-15 07:00:00+00:00,2023-12-15 08:45:00+00:00,8,2.0,66617.11249999999,67203.1,23.627753987569715,50871.45
2024-01-04 16:00:00+00:00,2024-01-04 16:45:00+00:00,4,1.0,65704.575,65872.4,23.48264463494143,50277.125
2024-01-09 06:00:00+00:00,2024-01-09 08:30:00+00:00,11,2.75,69903.16363636364,71084.4,23.013802647557295,53809.5
2024-01-09 14:00:00+00:00,2024-01-09 19:30:00+00:00,23,5.75,69063.72173913044,71720.9,22.148786266947422,53766.013043478255
2024-01-10 06:00:00+00:00,2024-01-10 09:30:00+00:00,15,3.75,70289.93333333333,71781.9,20.005344451564635,56205.76
2024-01-10 13:00:00+00:00,2024-01-10 19:30:00+00:00,27,6.75,68830.14444444444,71459.4,14.662657603089881,58751.94814814815
2024-01-11 05:45:00+00:00,2024-01-11 09:00:00+00:00,14,3.5,70852.50714285715,72400.3,19.000134701350305,57355.54285714286
2024-01-11 13:00:00+00:00,2024-01-11 19:30:00+00:00,27,6.75,69354.31481481482,71759.6,14.671640539838588,59191.0851851852
2024-01-12 06:00:00+00:00,2024-01-12 19:00:00+00:00,53,13.25,70339.40000000001,72802.6,21.233288948112456,55401.4075471698
2024-01-16 06:45:00+00:00,2024-01-16 09:45:00+00:00,13,3.25,70895.0923076923,71602.2,25.106606869284242,53096.01538461539
2024-01-16 14:15:00+00:00,2024-01-16 16:45:00+00:00,11,2.75,69922.61818181818,72332.5,24.85083791745045,52539.46363636363
2024-01-17 09:45:00+00:00,2024-01-17 19:15:00+00:00,39,9.75,71984.97692307693,75129.7,16.44292342265035,60083.299999999996
2024-01-18 06:00:00+00:00,2024-01-18 17:30:00+00:00,47,11.75,71260.04468085106,73385.4,18.807679413240887,57832.45744680851
2024-01-25 16:00:00+00:00,2024-01-25 17:00:00+00:00,5,1.25,68526.04,69152.3,26.12928036248353,50621.81999999999
2024-01-29 16:30:00+00:00,2024-01-29 18:00:00+00:00,7,1.75,66110.98571428572,66410.6,22.76510947521646,51060.485714285714
2024-02-07 15:00:00+00:00,2024-02-07 19:00:00+00:00,17,4.25,67482.72352941179,69345.7,20.816999790759134,53455.470588235294
2024-02-08 06:15:00+00:00,2024-02-08 14:00:00+00:00,32,8.0,67973.66875,69443.0,20.07526993861051,54317.184375000004
2024-02-08 16:00:00+00:00,2024-02-08 17:00:00+00:00,5,1.25,67343.13999999998,68175.3,24.753099605096168,50667.759999999995
2024-02-27 07:00:00+00:00,2024-02-27 11:00:00+00:00,17,4.25,67436.38823529413,68594.2,22.06852164399706,52537.48823529412
2024-02-27 17:00:00+00:00,2024-02-27 18:15:00+00:00,6,1.5,66607.38333333335,67045.7,8.881519769943859,60691.23333333334
2024-02-28 06:45:00+00:00,2024-02-28 09:45:00+00:00,13,3.25,67139.95384615385,67762.4,17.40622674577677,55433.338461538464
2024-02-28 17:00:00+00:00,2024-02-28 18:45:00+00:00,8,2.0,67071.3375,67752.7,14.901564017831051,57083.25
2024-03-04 07:15:00+00:00,2024-03-04 09:00:00+00:00,8,2.0,66714.775,67384.2,22.7742134861949,51511.725
2024-03-04 16:30:00+00:00,2024-03-04 18:45:00+00:00,10,2.5,66703.75,67675.0,17.59171898119683,54971.27
2024-03-05 06:45:00+00:00,2024-03-05 06:45:00+00:00,1,0.25,65702.9,65702.9,26.080888362614136,48566.99999999999
2024-03-05 16:15:00+00:00,2024-03-05 18:45:00+00:00,11,2.75,67389.05454545454,68532.0,24.798259777282667,50678.181818181816
2024-03-06 07:15:00+00:00,2024-03-06 08:30:00+00:00,6,1.5,65917.45,66140.3,21.86383120010734,51502.1
2024-03-06 17:00:00+00:00,2024-03-06 18:45:00+00:00,8,2.0,66587.025,67669.5,14.603128872168721,56862.875
2024-03-11 17:00:00+00:00,2024-03-11 18:15:00+00:00,6,1.5,65907.95,66272.5,22.280210021584846,51223.21666666667
2024-03-12 07:15:00+00:00,2024-03-12 08:45:00+00:00,7,1.75,66048.97142857141,66565.5,22.612417092669737,51109.58571428571
2024-03-12 17:15:00+00:00,2024-03-12 18:00:00+00:00,4,1.0,65516.52500000001,65608.3,11.460772168427546,58007.899999999994
2024-03-13 16:45:00+00:00,2024-03-13 18:15:00+00:00,7,1.75,66537.3,67036.4,24.745000897890638,50072.28571428572
2024-11-05 08:45:00+00:00,2024-11-05 08:45:00+00:00,1,0.25,65443.6,65443.6,22.50624965619251,50714.7
2024-11-05 09:15:00+00:00,2024-11-05 09:15:00+00:00,1,0.25,65638.3,65638.3,25.05808346651269,49190.600000000006
2024-11-05 12:00:00+00:00,2024-11-05 12:00:00+00:00,1,0.25,65477.2,65477.2,26.47700268184956,48140.8
2024-11-05 16:30:00+00:00,2024-11-05 16:45:00+00:00,2,0.5,65601.54999999999,65625.7,7.012107535294264,61001.5
2024-11-06 07:15:00+00:00,2024-11-06 14:00:00+00:00,28,7.0,66862.7392857143,68249.3,10.709644595244088,59684.56428571429
2024-11-06 16:00:00+00:00,2024-11-06 17:45:00+00:00,8,2.0,66204.675,66526.8,3.600973038114134,63820.6875
2024-11-07 07:15:00+00:00,2024-11-07 13:30:00+00:00,26,6.5,66998.29615384617,68226.9,9.47868020191823,60639.40000000001
2024-11-07 14:00:00+00:00,2024-11-07 14:00:00+00:00,1,0.25,65477.7,65477.7,7.519964812447596,60553.799999999996
2024-11-07 15:45:00+00:00,2024-11-07 18:00:00+00:00,10,2.5,66416.79000000001,67104.4,7.273225750664731,61587.13999999999
2024-11-08 07:15:00+00:00,2024-11-08 09:00:00+00:00,8,2.0,66326.7625,67033.3,23.311032019105575,50858.2
2024-11-08 16:00:00+00:00,2024-11-08 17:15:00+00:00,6,1.5,66137.25,66531.3,26.132020837842376,48854.416666666664
2024-11-11 06:45:00+00:00,2024-11-11 11:00:00+00:00,18,4.5,68178.02222222222,69113.4,23.949363336305744,51838.62222222222
2024-11-11 12:00:00+00:00,2024-11-11 18:30:00+00:00,27,6.75,67194.4111111111,68969.9,23.774661376154246,51214.922222222216
2024-11-12 07:15:00+00:00,2024-11-12 14:30:00+00:00,30,7.5,66793.79666666666,68419.5,16.174470543515394,55975.29333333333
2024-11-12 15:15:00+00:00,2024-11-12 18:15:00+00:00,13,3.25,66926.82307692307,67894.1,12.437446087554644,58602.807692307695
2024-11-13 06:45:00+00:00,2024-11-13 19:00:00+00:00,50,12.5,68522.522,70629.5,15.567705584594764,57849.367999999995
2024-11-14 15:15:00+00:00,2024-11-14 18:45:00+00:00,15,3.75,67558.56000000001,68832.8,24.76797586087221,50827.40666666666
2024-11-15 06:45:00+00:00,2024-11-15 09:45:00+00:00,13,3.25,66988.01538461538,67687.2,22.020809692342496,52227.338461538464
2024-11-15 15:30:00+00:00,2024-11-15 18:00:00+00:00,11,2.75,66936.2,67713.2,23.144128314372633,51444.3
2024-11-21 16:00:00+00:00,2024-11-21 19:00:00+00:00,13,3.25,69738.70000000001,71432.6,23.936454033146212,53028.26153846154
2024-11-27 06:30:00+00:00,2024-11-27 08:00:00+00:00,7,1.75,67288.62857142858,68321.6,21.218882923347376,52995.357142857145
2024-11-29 06:45:00+00:00,2024-11-29 09:30:00+00:00,12,3.0,66845.99166666667,67380.3,16.66124186375194,55702.350000000006
2024-11-29 16:00:00+00:00,2024-11-29 16:45:00+00:00,4,1.0,65543.075,65616.2,19.639479876559275,52670.625
2024-11-29 17:15:00+00:00,2024-11-29 17:15:00+00:00,1,0.25,65400.1,65400.1,23.674734442302075,49916.8
2024-12-03 14:30:00+00:00,2024-12-03 18:45:00+00:00,18,4.5,68340.75555555554,69923.9,23.89206058854699,52011.49999999999
2024-12-04 06:00:00+00:00,2024-12-04 19:15:00+00:00,54,13.5,69447.25925925927,71119.6,16.43785696429259,58019.61666666667
2024-12-10 12:45:00+00:00,2024-12-10 18:45:00+00:00,25,6.25,69336.004,70534.3,21.848450332892895,54171.888
2024-12-11 06:15:00+00:00,2024-12-11 19:00:00+00:00,52,13.0,69153.24038461539,70554.3,8.272273141767862,63425.709615384614
2024-12-12 06:45:00+00:00,2024-12-12 18:15:00+00:00,47,11.75,67587.4574468085,68670.1,6.774419936470043,63002.425531914894
2024-12-13 06:30:00+00:00,2024-12-13 13:15:00+00:00,28,7.0,67874.22857142858,69195.3,18.508990335887407,55298.70000000001
2024-12-13 15:00:00+00:00,2024-12-13 17:45:00+00:00,12,3.0,66354.11666666667,67057.0,11.44012088502297,58763.91666666668
2025-01-09 06:30:00+00:00,2025-01-09 08:45:00+00:00,10,2.5,67543.42000000001,68883.6,23.13718955353521,51907.05
2025-01-13 06:00:00+00:00,2025-01-13 08:45:00+00:00,12,3.0,70119.35833333332,71453.0,16.835507814157364,58273.58333333332
2025-01-13 15:15:00+00:00,2025-01-13 16:45:00+00:00,7,1.75,72602.94285714286,74514.3,25.187023798362542,54310.97142857143
2025-01-15 06:00:00+00:00,2025-01-15 19:00:00+00:00,53,13.25,69375.26415094339,70853.1,11.653454965127128,61277.70943396226
2025-01-16 06:00:00+00:00,2025-01-16 09:30:00+00:00,15,3.75,70864.97333333333,72430.8,19.959705128925957,56677.659999999996
2025-01-16 13:30:00+00:00,2025-01-16 19:30:00+00:00,25,6.25,70040.644,72382.9,18.607518361139036,57027.628
2025-01-17 06:00:00+00:00,2025-01-17 19:00:00+00:00,53,13.25,70492.6245283019,72900.8,15.434153056103408,59578.37924528303
2025-01-20 06:00:00+00:00,2025-01-20 09:45:00+00:00,16,4.0,70517.05625,72278.2,16.38535866985288,58903.29375
2025-01-20 12:15:00+00:00,2025-01-20 19:30:00+00:00,30,7.5,69165.93666666668,71109.0,13.475706658444171,59842.62333333334
2025-01-21 05:45:00+00:00,2025-01-21 09:15:00+00:00,15,3.75,70468.28,71907.3,18.009062305716125,57749.12666666667
2025-01-21 13:45:00+00:00,2025-01-21 19:15:00+00:00,23,5.75,68719.00869565216,70828.0,14.367538345742489,58878.97391304348
2025-01-22 06:00:00+00:00,2025-01-22 08:00:00+00:00,9,2.25,68256.26666666666,69596.5,19.896881011060756,54654.06666666667
2025-01-30 06:45:00+00:00,2025-01-30 07:30:00+00:00,4,1.0,68963.225,69367.6,25.90335643377201,51099.42500000001
2025-01-30 15:45:00+00:00,2025-01-30 18:30:00+00:00,12,3.0,67512.875,68712.5,21.375276231573945,53082.841666666674
2025-01-31 16:15:00+00:00,2025-01-31 18:00:00+00:00,8,2.0,66524.4375,67292.8,16.705963341744706,55412.6875
2025-02-03 06:15:00+00:00,2025-02-03 09:15:00+00:00,13,3.25,68754.81538461539,69959.6,13.011714434043073,59746.56923076922
2025-02-03 14:00:00+00:00,2025-02-03 14:15:00+00:00,2,0.5,65515.35,65612.7,23.298142620329152,50250.25
2025-02-03 15:45:00+00:00,2025-02-03 19:00:00+00:00,14,3.5,68086.59285714285,69547.4,10.686809814947436,60814.48571428571
2025-02-04 05:45:00+00:00,2025-02-04 08:15:00+00:00,11,2.75,69674.70909090909,71578.7,21.06404388562997,54961.53636363637
2025-02-04 15:00:00+00:00,2025-02-04 18:15:00+00:00,14,3.5,69694.32857142857,71696.2,23.717752918478848,53159.33571428572
2025-02-05 14:30:00+00:00,2025-02-05 19:15:00+00:00,20,5.0,69200.12000000001,71372.1,15.999294073743865,58142.12999999999
2025-02-06 06:15:00+00:00,2025-02-06 17:45:00+00:00,47,11.75,69113.71489361701,71499.1,17.802625843199518,56788.308510638315
2025-02-12 15:15:00+00:00,2025-02-12 19:30:00+00:00,18,4.5,70126.65555555554,72202.9,22.979793071786005,54007.98888888889
2025-02-13 06:00:00+00:00,2025-02-13 20:00:00+00:00,57,14.25,71603.79473684212,73723.6,19.050572696387814,57960.15263157895
2025-02-14 06:00:00+00:00,2025-02-14 18:30:00+00:00,51,12.75,69311.56078431373,71999.9,10.439373464943516,62022.666666666664
2025-02-17 06:00:00+00:00,2025-02-17 08:00:00+00:00,9,2.25,69459.45555555557,70856.6,16.451554735222533,57994.955555555556
2025-02-17 15:45:00+00:00,2025-02-17 19:30:00+00:00,16,4.0,68124.64375,70008.1,11.241645146524776,60472.71875
2025-02-18 05:30:00+00:00,2025-02-18 07:15:00+00:00,8,2.0,69300.7,71721.7,19.05550346430497,56051.737499999996
2025-02-18 15:45:00+00:00,2025-02-18 17:30:00+00:00,8,2.0,68259.5125,70489.1,23.234949534039654,52384.46250000001
2025-02-25 17:30:00+00:00,2025-02-25 17:45:00+00:00,2,0.5,65455.05,65500.1,7.157296376146329,60770.2
2025-02-26 07:00:00+00:00,2025-02-26 09:45:00+00:00,12,3.0,66964.60833333332,67755.1,20.959342902520262,52911.64166666666
2025-02-26 16:45:00+00:00,2025-02-26 18:30:00+00:00,8,2.0,66006.8375,66553.8,15.133068457029164,56020.4375
2025-02-27 07:00:00+00:00,2025-02-27 07:00:00+00:00,1,0.25,66053.2,66053.2,26.031289929935262,48858.7
2025-02-27 17:00:00+00:00,2025-02-27 18:30:00+00:00,7,1.75,66138.84285714287,66606.1,11.415760230116978,58589.42857142857
2025-02-28 07:00:00+00:00,2025-02-28 09:45:00+00:00,12,3.0,66802.68333333333,67848.3,21.482119228503866,52429.95833333334
2025-02-28 17:30:00+00:00,2025-02-28 17:30:00+00:00,1,0.25,65399.3,65399.3,13.740361135363836,56413.200000000004
2025-03-03 17:15:00+00:00,2025-03-03 18:15:00+00:00,5,1.25,65839.13999999998,66271.7,21.21545340564746,51871.50000000001
2025-03-04 06:15:00+00:00,2025-03-04 06:15:00+00:00,1,0.25,65609.0,65609.0,24.92676309652639,49254.8
2025-03-04 16:45:00+00:00,2025-03-04 18:00:00+00:00,6,1.5,67056.85,68022.0,23.977674280082933,50973.049999999996
2025-03-12 07:30:00+00:00,2025-03-12 10:45:00+00:00,14,3.5,66405.39285714287,67252.3,22.88924732074928,51190.692857142865
2025-03-12 17:00:00+00:00,2025-03-12 18:15:00+00:00,6,1.5,66067.03333333333,66353.3,7.203108670302054,61308.25
2025-03-13 07:30:00+00:00,2025-03-13 07:45:00+00:00,2,0.5,65627.15,65775.9,23.200934612218205,50399.2
2025-03-13 17:00:00+00:00,2025-03-13 18:45:00+00:00,8,2.0,65949.41249999999,66412.9,11.15665925898399,58592.3375
2025-03-14 07:15:00+00:00,2025-03-14 08:30:00+00:00,6,1.5,66343.43333333333,66996.1,21.735163054573622,51911.18333333334
2025-03-17 17:30:00+00:00,2025-03-17 18:30:00+00:00,5,1.25,65796.4,66185.8,19.640422745667802,52873.740000000005
2025-03-18 17:30:00+00:00,2025-03-18 18:15:00+00:00,4,1.0,65722.75,65930.0,15.934353718943377,55249.524999999994
2025-03-25 17:30:00+00:00,2025-03-25 18:15:00+00:00,4,1.0,65513.700000000004,65687.3,22.813232974689015,50567.924999999996
2025-03-26 17:45:00+00:00,2025-03-26 17:45:00+00:00,1,0.25,65395.3,65395.3,14.460978082522752,55938.5
2025-11-06 16:00:00+00:00,2025-11-06 17:45:00+00:00,8,2.0,66944.0,67500.5,22.913178837242725,51599.55
2025-11-07 06:45:00+00:00,2025-11-07 08:45:00+00:00,9,2.25,66555.82222222222,67108.6,20.98745435459617,52587.25555555555
2025-11-07 16:00:00+00:00,2025-11-07 17:15:00+00:00,6,1.5,66110.03333333333,66726.9,6.265137705604424,61968.43333333333
2025-11-10 07:45:00+00:00,2025-11-10 07:45:00+00:00,1,0.25,65442.3,65442.3,14.869128988437144,55711.600000000006
2025-11-10 08:30:00+00:00,2025-11-10 10:00:00+00:00,7,1.75,65797.27142857143,65921.2,22.501153056832752,50992.22857142857
2025-11-10 16:00:00+00:00,2025-11-10 18:00:00+00:00,9,2.25,66316.59999999999,67088.9,20.91541260529108,52450.22222222222
2025-11-11 15:45:00+00:00,2025-11-11 17:15:00+00:00,7,1.75,66821.8142857143,67251.8,24.44253584237445,50483.81428571429
2025-11-14 16:30:00+00:00,2025-11-14 16:45:00+00:00,2,0.5,66674.5,66691.8,26.243765828264117,49176.6
2025-11-20 14:00:00+00:00,2025-11-20 19:45:00+00:00,24,6.0,70292.01666666668,73077.9,19.899986701050903,56298.56666666667
2025-11-21 06:00:00+00:00,2025-11-21 08:45:00+00:00,12,3.0,70072.84999999999,71239.4,19.10082491259931,56672.0
2025-11-21 15:00:00+00:00,2025-11-21 18:30:00+00:00,15,3.75,67248.64666666668,68636.8,13.25732623104857,58332.893333333326
2025-11-24 13:00:00+00:00,2025-11-24 19:15:00+00:00,26,6.5,69619.03846153847,71556.1,21.05749040145255,54958.90000000001
2025-11-25 06:00:00+00:00,2025-11-25 18:45:00+00:00,52,13.0,69111.6423076923,70668.8,13.770563877013048,59584.03653846154
2025-11-26 06:00:00+00:00,2025-11-26 19:15:00+00:00,54,13.5,70116.15370370372,72192.2,14.462965252807892,59969.53333333334
2025-12-02 15:00:00+00:00,2025-12-02 19:45:00+00:00,20,5.0,71245.86000000002,73975.2,24.68474028438561,53626.515
2025-12-03 06:00:00+00:00,2025-12-03 19:30:00+00:00,55,13.75,70594.95090909091,72869.3,12.141150217206055,62019.729090909095
2025-12-04 05:45:00+00:00,2025-12-04 19:45:00+00:00,57,14.25,70713.07543859648,73254.3,18.31730878124116,57740.563157894736
2025-12-05 06:00:00+00:00,2025-12-05 18:30:00+00:00,51,12.75,69058.42549019608,71109.2,9.74797311788427,62324.29411764705
2025-12-12 06:30:00+00:00,2025-12-12 09:15:00+00:00,12,3.0,67389.94166666667,68252.4,20.435684065597407,53615.69166666666
2025-12-12 11:30:00+00:00,2025-12-12 11:45:00+00:00,2,0.5,65489.45,65541.5,25.999917663980796,48462.05
2025-12-12 15:45:00+00:00,2025-12-12 17:30:00+00:00,8,2.0,66260.1,66849.9,12.970406884968945,57666.5125
2025-12-16 13:00:00+00:00,2025-12-16 18:45:00+00:00,24,6.0,67470.35416666667,69348.4,20.656634677673846,53531.416666666664
2025-12-17 06:30:00+00:00,2025-12-17 08:30:00+00:00,9,2.25,67612.35555555555,68195.5,22.27720055093342,52543.08888888889
2025-12-17 14:45:00+00:00,2025-12-17 18:15:00+00:00,15,3.75,67836.08,69263.7,23.136764440696172,52121.23333333333
